"","DLHS3_id","namefix","DLHS4_id","NFHS4_id","NFHS5_id","dist_id","AHS_id"
"1",101,"Kupwara",NA,1,1,325,NA
"2",102,"Baramula",NA,8,8,51,NA
"3",103,"Srinagar",NA,10,10,547,NA
"4",103,"Srinagar",NA,10,11,547,NA
"5",103,"Srinagar",NA,11,10,547,NA
"6",103,"Srinagar",NA,11,11,547,NA
"7",104,"Badgam",NA,2,2,32,NA
"8",105,"Pulwama",NA,12,12,453,NA
"9",105,"Pulwama",NA,12,13,453,NA
"10",105,"Pulwama",NA,13,12,453,NA
"11",105,"Pulwama",NA,13,13,453,NA
"12",106,"Anantnag",NA,14,14,20,NA
"13",107,"Leh",NA,3,3,339,NA
"14",108,"Kargil",NA,4,4,284,NA
"15",109,"Doda",NA,16,16,158,NA
"16",109,"Doda",NA,16,17,158,NA
"17",109,"Doda",NA,16,18,158,NA
"18",109,"Doda",NA,17,16,158,NA
"19",109,"Doda",NA,17,17,158,NA
"20",109,"Doda",NA,17,18,158,NA
"21",109,"Doda",NA,18,16,158,NA
"22",109,"Doda",NA,18,17,158,NA
"23",109,"Doda",NA,18,18,158,NA
"24",110,"Udhampur",NA,19,19,581,NA
"25",110,"Udhampur",NA,19,20,581,NA
"26",110,"Udhampur",NA,20,19,581,NA
"27",110,"Udhampur",NA,20,20,581,NA
"28",111,"Punch",NA,5,5,454,NA
"29",112,"Rajouri",NA,6,6,471,NA
"30",113,"Jammu",NA,21,21,245,NA
"31",113,"Jammu",NA,21,22,245,NA
"32",113,"Jammu",NA,22,21,245,NA
"33",113,"Jammu",NA,22,22,245,NA
"34",114,"Kathua",NA,7,7,290,NA
"35",201,"Chamba",201,23,23,99,201
"36",202,"Kangra",202,24,24,273,202
"37",203,"Lahul Spiti",203,25,25,330,203
"38",204,"Kullu",204,26,26,324,204
"39",205,"Mandi",205,27,27,363,205
"40",206,"Hamirpur_hp",206,28,28,213,206
"41",207,"Una",207,29,29,586,207
"42",208,"Bilaspur_hp",208,30,30,86,208
"43",209,"Solan",209,31,31,533,209
"44",210,"Sirmaur",210,32,32,526,210
"45",211,"Shimla",211,33,33,516,211
"46",212,"Kinnaur",212,34,34,302,212
"47",301,"Gurdaspur",301,35,881,208,301
"48",301,"Gurdaspur",301,35,882,208,301
"49",302,"Amritsar",302,49,49,17,302
"50",303,"Kapurthala",303,36,36,280,303
"51",304,"Jalandhar",304,37,37,239,304
"52",305,"Hoshiarpur",305,38,38,226,305
"53",306,"Nawanshahr",306,53,39,408,306
"54",307,"Rupnagar",307,51,51,486,307
"55",308,"Fatehgarh Sahib",308,40,40,180,308
"56",309,"Ludhiana",309,41,41,346,309
"57",310,"Moga",310,42,42,376,310
"58",311,"Firozpur",311,43,879,183,311
"59",311,"Firozpur",311,43,880,183,311
"60",312,"Muktsar",312,44,44,382,312
"61",313,"Faridkot",313,45,45,177,313
"62",314,"Bathinda",314,46,46,63,314
"63",315,"Mansa",315,47,47,367,315
"64",316,"Sangrur",316,39,53,497,316
"65",317,"Patiala",317,48,48,441,317
"66",318,"Tarn Taran",320,50,50,555,320
"67",319,"Sas Nagar",318,52,52,502,318
"68",320,"Barnala",319,54,54,58,319
"69",401,"Chandigarh",401,55,55,105,401
"70",501,"Uttarkashi",501,56,56,592,501
"71",502,"Chamoli",502,57,57,100,502
"72",503,"Rudraprayag",503,58,58,485,503
"73",504,"Tehri Garhwal",504,59,59,557,504
"74",505,"Dehradun",505,60,60,137,505
"75",506,"Garhwal",506,61,61,191,506
"76",507,"Pithoragarh",507,62,62,447,507
"77",508,"Bageshwar",508,63,63,34,508
"78",509,"Almora",509,64,64,11,509
"79",510,"Champawat",510,65,65,101,510
"80",511,"Nainital",511,66,66,396,511
"81",512,"Udham Singh Nagar",512,67,67,580,512
"82",513,"Hardwar",513,68,68,218,513
"83",601,"Panchkula",601,69,69,431,601
"84",602,"Ambala",602,70,70,13,602
"85",603,"Yamunanagar",603,71,71,617,603
"86",604,"Kurukshetra",604,72,72,327,604
"87",605,"Kaithal",605,73,73,266,605
"88",606,"Karnal",606,74,74,287,606
"89",607,"Panipat",607,75,75,432,607
"90",608,"Sonipat",608,76,76,537,608
"91",609,"Jind",609,77,77,259,609
"92",610,"Fatehabad",610,78,78,179,610
"93",611,"Sirsa",611,79,79,528,611
"94",612,"Hisar",612,80,80,224,612
"95",613,"Bhiwani",613,81,865,77,613
"96",613,"Bhiwani",613,81,866,77,613
"97",614,"Rohtak",614,82,82,483,614
"98",615,"Jhajjar",615,83,83,254,615
"99",616,"Mahendragarh",616,84,84,355,616
"100",617,"Rewari",617,85,85,481,617
"101",618,"Gurgaon",618,86,86,209,618
"102",619,"Faridabad",619,88,88,176,619
"103",619,"Faridabad",619,88,89,176,619
"104",619,"Faridabad",619,89,88,176,619
"105",619,"Faridabad",619,89,89,176,619
"106",619,"Faridabad",621,88,88,176,621
"107",619,"Faridabad",621,88,89,176,621
"108",619,"Faridabad",621,89,88,176,621
"109",619,"Faridabad",621,89,89,176,621
"110",620,"Mewat",620,87,87,374,620
"111",701,"North West",701,90,842,422,701
"112",702,"North",702,91,840,416,702
"113",703,"North East",703,92,841,418,703
"114",703,"North East",703,92,843,418,703
"115",704,"East",704,93,838,163,704
"116",705,"New Delhi",705,94,839,412,705
"117",706,"Central",706,95,837,97,706
"118",707,"West",707,96,847,607,707
"119",708,"South West",708,97,846,544,708
"120",709,"South",709,98,844,539,709
"121",709,"South",709,98,845,539,709
"122",801,"Ganganagar",801,99,99,188,801
"123",802,"Hanumangarh",802,100,100,214,802
"124",803,"Bikaner",803,101,101,84,803
"125",804,"Churu",804,102,102,119,804
"126",805,"Jhunjhunun",805,103,103,258,805
"127",806,"Alwar",806,104,104,12,806
"128",807,"Bharatpur",807,105,105,72,807
"129",808,"Dhaulpur",808,106,106,147,808
"130",809,"Karauli",809,107,107,282,809
"131",810,"Sawai Madhopur",810,108,108,505,810
"132",811,"Dausa",811,109,109,134,811
"133",812,"Jaipur",812,110,110,236,812
"134",813,"Sikar",813,111,111,523,813
"135",814,"Nagaur",814,112,112,394,814
"136",815,"Jodhpur",815,113,113,260,815
"137",816,"Jaisalmer",816,114,114,237,816
"138",817,"Barmer",817,115,115,57,817
"139",818,"Jalore",818,116,116,243,818
"140",819,"Sirohi",819,117,117,527,819
"141",820,"Pali",820,118,118,429,820
"142",821,"Ajmer",821,119,119,6,821
"143",822,"Tonk",822,120,120,574,822
"144",823,"Bundi",823,121,121,94,823
"145",824,"Bhilwara",824,122,122,75,824
"146",825,"Rajsamand",825,123,123,472,825
"147",826,"Udaipur",826,130,130,578,826
"148",827,"Dungarpur",827,124,124,161,827
"149",828,"Banswara",828,125,125,49,828
"150",829,"Chittaurgarh",829,126,126,116,829
"151",829,"Chittaurgarh",829,126,131,116,829
"152",829,"Chittaurgarh",829,131,126,116,829
"153",829,"Chittaurgarh",829,131,131,116,829
"154",830,"Kota",830,127,127,319,830
"155",831,"Baran",831,128,128,53,831
"156",832,"Jhalawar",832,129,129,255,832
"157",901,"Saharanpur",901,132,132,489,901
"158",902,"Muzaffarnagar",902,133,926,387,902
"159",902,"Muzaffarnagar",902,133,929,387,902
"160",903,"Bijnor",903,134,134,83,903
"161",904,"Moradabad",904,135,925,379,904
"162",904,"Moradabad",904,135,928,379,904
"163",905,"Rampur",905,136,136,474,905
"164",906,"Jyotiba Phule Nagar",906,137,137,263,906
"165",907,"Meerut",907,138,138,373,907
"166",908,"Baghpat",908,139,139,35,908
"167",909,"Ghaziabad",909,140,923,194,909
"168",909,"Ghaziabad",909,140,924,194,909
"169",910,"Gautam Buddha Nagar",910,141,141,192,910
"170",911,"Bulandshahr",911,142,142,92,911
"171",912,"Aligarh",912,143,143,9,912
"172",913,"Hathras",913,144,144,220,913
"173",914,"Mathura",914,145,145,369,914
"174",915,"Agra",915,146,146,2,915
"175",916,"Firozabad",916,147,147,182,916
"176",917,"Etah",917,201,201,173,917
"177",917,"Etah",917,201,202,173,917
"178",917,"Etah",917,202,201,173,917
"179",917,"Etah",917,202,202,173,917
"180",918,"Mainpuri",918,148,148,358,918
"181",919,"Budaun",919,149,922,91,919
"182",920,"Bareilly",920,150,150,55,920
"183",921,"Pilibhit",921,151,151,446,921
"184",922,"Shahjahanpur",922,152,152,511,922
"185",923,"Kheri",NA,153,153,300,NA
"186",924,"Sitapur",924,154,154,530,924
"187",925,"Hardoi",925,155,155,217,925
"188",926,"Unnao",926,156,156,587,926
"189",927,"Lucknow",927,157,157,345,927
"190",928,"Rae Bareli",928,158,927,462,928
"191",929,"Farrukhabad",929,159,159,178,929
"192",930,"Kannauj",930,160,160,275,930
"193",931,"Etawah",931,161,161,174,931
"194",932,"Auraiya",932,162,162,28,932
"195",933,"Kanpur Dehat",933,163,163,278,933
"196",934,"Kanpur Nagar",934,164,164,279,934
"197",935,"Jalaun",935,165,165,240,935
"198",936,"Jhansi",936,166,166,256,936
"199",937,"Lalitpur",937,167,167,335,937
"200",938,"Hamirpur",938,168,168,212,938
"201",939,"Mahoba",939,169,169,357,939
"202",940,"Banda",940,170,170,44,940
"203",941,"Chitrakoot",941,171,171,115,941
"204",942,"Fatehpur",942,172,172,181,942
"205",943,"Pratapgarh_up",943,173,173,450,943
"206",944,"Kaushambi",944,174,174,293,944
"207",945,"Allahabad",945,175,175,10,945
"208",946,"Barabanki",946,176,176,50,946
"209",947,"Faizabad",947,177,177,175,947
"210",948,"Ambedkar Nagar",948,178,178,14,948
"211",949,"Sultanpur",949,179,921,548,949
"212",949,"Sultanpur",949,179,930,548,949
"213",950,"Bahraich",950,180,180,36,950
"214",951,"Shrawasti",951,181,181,519,951
"215",952,"Balrampur_up",952,182,182,42,952
"216",953,"Gonda",953,183,183,200,953
"217",954,"Siddharthnagar",954,184,184,521,954
"218",955,"Basti",955,185,185,62,955
"219",956,"Sant Kabir Nagar",956,186,186,498,956
"220",957,"Maharajganj",957,187,187,351,957
"221",958,"Gorakhpur",958,188,188,203,958
"222",959,"Kushinagar",959,189,189,329,959
"223",960,"Deoria",960,190,190,139,960
"224",961,"Azamgarh",961,191,191,31,961
"225",962,"Mau",962,192,192,370,962
"226",963,"Ballia",963,193,193,41,963
"227",964,"Jaunpur",964,194,194,251,964
"228",965,"Ghazipur",965,195,195,195,965
"229",966,"Chandauli",966,196,196,103,966
"230",967,"Varanasi",967,197,197,596,967
"231",968,"Sant Ravidas Nagar Bhadohi",968,198,198,499,968
"232",969,"Mirzapur",969,199,199,375,969
"233",970,"Sonbhadra",970,200,200,536,970
"234",1001,"Pashchim Champaran",1001,203,203,437,1001
"235",1002,"Purba Champaran",1002,204,204,456,1002
"236",1003,"Sheohar",1003,205,205,514,1003
"237",1004,"Sitamarhi",1004,206,206,529,1004
"238",1005,"Madhubani",1005,207,207,349,1005
"239",1006,"Supaul",1006,208,208,550,1006
"240",1007,"Araria",1007,209,209,25,1007
"241",1008,"Kishanganj",1008,210,210,304,1008
"242",1009,"Purnia",1009,211,211,460,1009
"243",1010,"Katihar",1010,212,212,291,1010
"244",1011,"Madhepura",1011,213,213,348,1011
"245",1012,"Saharsa",1012,214,214,490,1012
"246",1013,"Darbhanga",1013,215,215,130,1013
"247",1014,"Muzaffarpur",1014,216,216,388,1014
"248",1015,"Gopalganj",1015,217,217,202,1015
"249",1016,"Siwan",1016,218,218,532,1016
"250",1017,"Saran",1017,219,219,501,1017
"251",1018,"Vaishali",1018,220,220,594,1018
"252",1019,"Samastipur",1019,221,221,494,1019
"253",1020,"Begusarai",1020,222,222,65,1020
"254",1021,"Khagaria",1021,223,223,297,1021
"255",1022,"Bhagalpur",1022,224,224,70,1022
"256",1023,"Banka",1023,225,225,47,1023
"257",1024,"Munger",1024,226,226,385,1024
"258",1025,"Lakhisarai",1025,227,227,333,1025
"259",1026,"Sheikhpura",1026,228,228,513,1026
"260",1027,"Nalanda",1027,229,229,397,1027
"261",1028,"Patna",1028,230,230,442,1028
"262",1029,"Bhojpur",1029,231,231,78,1029
"263",1030,"Buxar",1030,232,232,95,1030
"264",1031,"Kaimur Bhabua",1031,233,233,265,1031
"265",1032,"Rohtas",1032,234,234,484,1032
"266",1033,"Jehanabad",1033,239,239,252,1033
"267",1034,"Aurangabad_bihar",1034,235,235,29,1034
"268",1035,"Gaya",1035,236,236,193,1035
"269",1036,"Nawada",1036,237,237,407,1036
"270",1037,"Jamui",1037,238,238,248,1037
"271",1101,"North_sikkim",1101,241,241,423,1101
"272",1102,"West_sikkim",1102,242,242,615,1102
"273",1103,"South_sikkim",1103,243,243,545,1103
"274",1104,"East_sikkim",1104,244,244,170,1104
"275",1201,"Tawang",1201,245,245,556,1201
"276",1202,"West Kameng",1202,246,246,610,1202
"277",1203,"East Kameng",1203,247,247,166,1203
"278",1204,"Papum Pare",1204,248,248,434,1204
"279",1205,"Lower Subansiri",1205,255,255,344,1205
"280",1206,"Upper Subansiri",1206,249,249,589,1206
"281",1207,"West Siang",1207,250,809,613,1207
"282",1208,"East Siang",1208,251,801,169,1208
"283",1208,"East Siang",1208,251,807,169,1208
"284",1209,"Upper Siang",1209,252,252,588,1209
"285",1210,"Dibang Valley",1210,257,257,152,1210
"286",1211,"Lohit",1211,259,804,341,1211
"287",1211,"Lohit",1211,259,806,341,1211
"288",1212,"Changlang",1212,253,253,107,1212
"289",1213,"Tirap",1213,254,805,570,1213
"290",1213,"Tirap",1213,254,808,570,1213
"291",1214,"Kurung Kumey",1214,256,802,328,1214
"292",1214,"Kurung Kumey",1214,256,803,328,1214
"293",1215,"Lower Dibang Valley",1215,258,258,343,1215
"294",1216,"Anjaw",1216,260,260,23,1216
"295",1401,"Senapati",1401,272,272,507,1401
"296",1402,"Tamenglong",1402,273,273,554,1402
"297",1403,"Churachandpur",1403,274,274,118,1403
"298",1404,"Bishnupur",1404,275,275,88,1404
"299",1405,"Thoubal",1405,276,276,566,1405
"300",1406,"Imphal West",1406,277,277,231,1406
"301",1407,"Imphal East",1407,278,278,230,1407
"302",1408,"Ukhrul",1408,279,279,584,1408
"303",1409,"Chandel",1409,280,280,104,1409
"304",1501,"Mamit",1501,281,281,362,1501
"305",1502,"Kolasib",1502,282,282,311,1502
"306",1503,"Aizawl",1503,283,283,5,1503
"307",1504,"Champhai",1504,284,284,102,1504
"308",1505,"Serchhip",1505,285,285,509,1505
"309",1506,"Lunglei",1506,286,286,347,1506
"310",1507,"Lawngtlai",1507,287,287,338,1507
"311",1508,"Saiha",1508,288,288,492,1508
"312",1601,"West Tripura",1601,289,915,614,1601
"313",1601,"West Tripura",1601,289,917,614,1601
"314",1601,"West Tripura",1601,289,920,614,1601
"315",1602,"South Tripura",1602,290,918,542,1602
"316",1603,"Dhalai",1603,291,291,141,1603
"317",1603,"Dhalai",1603,291,914,141,1603
"318",1604,"North Tripura",1604,292,916,420,1604
"319",1604,"North Tripura",1604,292,919,420,1604
"320",1701,"West Garo Hills",1701,293,874,608,1701
"321",1701,"West Garo Hills",1701,293,876,608,1701
"322",1702,"East Garo Hills",1702,294,871,164,1702
"323",1702,"East Garo Hills",1702,294,873,164,1702
"324",1703,"South Garo Hills",1703,295,295,540,1703
"325",1704,"West Khasi Hills",1704,296,875,611,1704
"326",1704,"West Khasi Hills",1704,296,878,611,1704
"327",1705,"Ri Bhoi",1705,297,297,482,1705
"328",1706,"East Khasi Hills",1706,298,298,167,1706
"329",1707,"Jaintia Hills",1707,299,872,235,1707
"330",1707,"Jaintia Hills",1707,299,877,235,1707
"331",1801,"Kokrajhar",1801,300,300,309,1801
"332",1802,"Dhubri",1802,301,812,150,1802
"333",1802,"Dhubri",1802,301,820,150,1802
"334",1803,"Goalpara",1803,302,302,197,1803
"335",1804,"Bongaigaon",1804,319,319,90,1804
"336",1805,"Barpeta",1805,303,303,59,1805
"337",1806,"Kamrup",1806,321,321,269,1806
"338",1807,"Nalbari",1807,323,323,398,1807
"339",1808,"Darrang",1808,325,325,132,1808
"340",1809,"Marigaon",1809,NA,NA,368,1809
"341",1810,"Nagaon",1810,305,813,392,1810
"342",1810,"Nagaon",1810,305,817,392,1810
"343",1811,"Sonitpur",1811,306,810,538,1811
"344",1811,"Sonitpur",1811,306,819,538,1811
"345",1812,"Lakhimpur",1812,307,307,331,1812
"346",1813,"Dhemaji",1813,308,308,148,1813
"347",1814,"Tinsukia",1814,309,309,569,1814
"348",1815,"Dibrugarh",1815,310,310,153,1815
"349",1816,"Sibsagar",1816,311,811,520,1816
"350",1816,"Sibsagar",1816,311,818,520,1816
"351",1817,"Jorhat",1817,312,814,261,1817
"352",1817,"Jorhat",1817,312,816,261,1817
"353",1818,"Golaghat",1818,313,313,199,1818
"354",1819,"Karbi Anglong",1819,314,815,283,1819
"355",1819,"Karbi Anglong",1819,314,821,283,1819
"356",1820,"North Cachar Hills",1820,315,315,417,1820
"357",1821,"Cachar",1821,316,316,96,1821
"358",1822,"Karimganj",1822,317,317,285,1822
"359",1823,"Hailakandi",1823,318,318,211,1823
"360",1824,"Chirang",NA,320,320,113,NA
"361",1825,"Baksa",NA,324,324,37,NA
"362",1826,"Kamrup Metropolitan",NA,322,322,270,NA
"363",1827,"Udalguri",NA,326,326,579,NA
"364",1901,"Darjiling",1901,327,327,131,1901
"365",1902,"Jalpaiguri",1902,328,328,244,1902
"366",1903,"Koch Bihar",1903,329,329,305,1903
"367",1904,"Uttar Dinajpur",1904,330,330,590,1904
"368",1905,"Dakshin Dinajpur",1905,331,331,125,1905
"369",1906,"Maldah",1906,332,332,360,1906
"370",1907,"Murshidabad",1907,333,333,386,1907
"371",1908,"Birbhum",1908,334,334,87,1908
"372",1909,"Barddhaman",1909,335,931,54,1909
"373",1909,"Barddhaman",1909,335,932,54,1909
"374",1910,"Nadia",1910,336,336,391,1910
"375",1911,"North Twenty Four Parganas",1911,337,337,421,1911
"376",1912,"Hugli",1912,338,338,227,1912
"377",1913,"Bankura",1913,339,339,48,1913
"378",1914,"Puruliya",1914,340,340,461,1914
"379",1915,"Paschim Medinipur",1915,344,344,436,1915
"380",1916,"Haora",1916,341,341,215,1916
"381",1917,"Kolkata",1917,342,342,313,1917
"382",1918,"South Twenty Four Parganas",1918,343,343,543,1918
"383",1919,"Purba Medinipur",1919,345,345,457,1919
"384",2001,"Garhwa",2001,346,346,190,2001
"385",2002,"Palamu",2002,358,358,428,2002
"386",2003,"Chatra",2003,347,347,108,2003
"387",2004,"Hazaribagh",2004,360,360,222,2004
"388",2004,"Hazaribagh",2004,360,361,222,2004
"389",2004,"Hazaribagh",2004,361,360,222,2004
"390",2004,"Hazaribagh",2004,361,361,222,2004
"391",2005,"Kodarma",2005,348,348,307,2005
"392",2006,"Giridih",2006,349,349,196,2006
"393",2007,"Deoghar",2007,350,350,138,2007
"394",2008,"Godda",2008,351,351,198,2008
"395",2009,"Sahibganj",2009,352,352,491,2009
"396",2010,"Pakur",2010,353,353,426,2010
"397",2011,"Dumka",2011,362,362,160,2011
"398",2012,"Dhanbad",2012,354,354,143,2012
"399",2013,"Bokaro",2013,355,355,89,2013
"400",2014,"Ranchi",2014,364,364,475,2014
"401",2014,"Ranchi",2014,364,365,475,2014
"402",2014,"Ranchi",2014,365,364,475,2014
"403",2014,"Ranchi",2014,365,365,475,2014
"404",2015,"Lohardaga",2015,356,356,340,2015
"405",2016,"Gumla",2016,366,366,205,2016
"406",2017,"Pashchimi Singhbhum",2017,368,368,438,2017
"407",2018,"Purbi Singhbhum",2018,357,357,458,2018
"408",2019,"Simdega",NA,367,367,524,NA
"409",2020,"Saraikela Kharsawan",NA,369,369,500,NA
"410",2021,"Latehar",NA,359,359,336,NA
"411",2022,"Jamtara",NA,363,363,247,NA
"412",2101,"Bargarh",2101,370,370,56,2101
"413",2102,"Jharsuguda",2102,371,371,257,2102
"414",2103,"Sambalpur",2103,372,372,495,2103
"415",2104,"Debagarh",2104,373,373,136,2104
"416",2105,"Sundargarh",2105,374,374,549,2105
"417",2106,"Kendujhar",2106,375,375,296,2106
"418",2107,"Mayurbhanj",2107,376,376,371,2107
"419",2108,"Baleshwar",2108,377,377,40,2108
"420",2109,"Bhadrak",2109,378,378,69,2109
"421",2110,"Kendrapara",2110,379,379,295,2110
"422",2111,"Jagatsinghapur",2111,380,380,234,2111
"423",2112,"Cuttack",2112,381,381,123,2112
"424",2113,"Jajapur",2113,382,382,238,2113
"425",2114,"Dhenkanal",2114,383,383,149,2114
"426",2115,"Anugul",2115,384,384,24,2115
"427",2116,"Nayagarh",2116,385,385,409,2116
"428",2117,"Khordha",2117,386,386,301,2117
"429",2118,"Puri",2118,387,387,459,2118
"430",2119,"Ganjam",2119,388,388,189,2119
"431",2120,"Gajapati",2120,389,389,186,2120
"432",2121,"Kandhamal",2121,390,390,272,2121
"433",2122,"Baudh",2122,391,391,64,2122
"434",2123,"Sonapur",2123,392,392,535,2123
"435",2124,"Balangir",2124,393,393,39,2124
"436",2125,"Nuapada",2125,394,394,424,2125
"437",2126,"Kalahandi",2126,395,395,268,2126
"438",2127,"Rayagada",2127,396,396,479,2127
"439",2128,"Nabarangapur",2128,397,397,390,2128
"440",2129,"Koraput",2129,398,398,316,2129
"441",2130,"Malkangiri",2130,399,399,361,2130
"442",2201,"Koriya",2201,400,400,318,2201
"443",2202,"Surguja",2202,401,824,553,2202
"444",2202,"Surguja",2202,401,835,553,2202
"445",2202,"Surguja",2202,401,836,553,2202
"446",2203,"Jashpur",2203,402,402,250,2203
"447",2204,"Raigarh",2204,403,403,464,2204
"448",2205,"Korba",2205,404,404,317,2205
"449",2206,"Janjgir-Champa",2206,405,405,249,2206
"450",2207,"Bilaspur",2207,406,827,85,2207
"451",2207,"Bilaspur",2207,406,832,85,2207
"452",2208,"Kawardha",2208,407,407,294,2208
"453",2209,"Rajnandgaon",2209,408,408,470,2209
"454",2210,"Durg",2210,409,822,162,2210
"455",2210,"Durg",2210,409,826,162,2210
"456",2210,"Durg",2210,409,829,162,2210
"457",2211,"Garhwa",2001,346,346,190,2001
"458",2212,"Mahasamund",2212,411,411,352,2212
"459",2213,"Dhamtari",2213,412,412,142,2213
"460",2214,"Kanker",2214,413,413,274,2214
"461",2215,"Bastar",2215,414,415,61,2215
"462",2215,"Bastar",2215,414,825,61,2215
"463",2215,"Bastar",2215,414,831,61,2215
"464",2215,"Bastar",2215,415,415,61,2215
"465",2215,"Bastar",2215,415,825,61,2215
"466",2215,"Bastar",2215,415,831,61,2215
"467",2216,"Dantewada",2216,416,828,129,2216
"468",2216,"Dantewada",2216,416,834,129,2216
"469",2301,"Sheopur",2301,418,418,515,2301
"470",2302,"Morena",2302,419,419,380,2302
"471",2303,"Bhind",2303,420,420,76,2303
"472",2304,"Gwalior",2304,421,421,210,2304
"473",2305,"Datia",2305,422,422,133,2305
"474",2306,"Shivpuri",2306,423,423,518,2306
"475",2307,"Guna",2307,458,458,206,2307
"476",2307,"Guna",2307,458,459,206,2307
"477",2307,"Guna",2307,459,458,206,2307
"478",2307,"Guna",2307,459,459,206,2307
"479",2308,"Tikamgarh",2308,424,424,568,2308
"480",2309,"Chhatarpur",2309,425,425,110,2309
"481",2310,"Panna",2310,426,426,433,2310
"482",2311,"Sagar",2311,427,427,488,2311
"483",2312,"Damoh",2312,428,428,128,2312
"484",2313,"Satna",2313,429,429,504,2313
"485",2314,"Rewa",2314,430,430,480,2314
"486",2315,"Umaria",2315,431,431,585,2315
"487",2316,"Shahdol",2316,460,460,510,2316
"488",2316,"Shahdol",2316,460,461,510,2316
"489",2316,"Shahdol",2316,461,460,510,2316
"490",2316,"Shahdol",2316,461,461,510,2316
"491",2317,"Sidhi",2317,462,462,522,2317
"492",2317,"Sidhi",2317,462,463,522,2317
"493",2317,"Sidhi",2317,463,462,522,2317
"494",2317,"Sidhi",2317,463,463,522,2317
"495",2318,"Neemuch",2318,432,432,410,2318
"496",2319,"Mandsaur",2319,433,433,365,2319
"497",2320,"Ratlam",2320,434,434,477,2320
"498",2321,"Ujjain",2321,435,435,583,2321
"499",2322,"Shajapur",2322,436,867,512,2322
"500",2322,"Shajapur",2322,436,868,512,2322
"501",2323,"Dewas",2323,437,437,140,2323
"502",2324,"Jhabua",2324,464,464,253,2324
"503",2324,"Jhabua",2324,464,465,253,2324
"504",2324,"Jhabua",2324,465,464,253,2324
"505",2324,"Jhabua",2324,465,465,253,2324
"506",2325,"Dhar",2325,438,438,144,2325
"507",2326,"Indore",2326,439,439,232,2326
"508",2327,"West Nimar",2327,440,440,612,2327
"509",2328,"Barwani",2328,441,441,60,2328
"510",2329,"East Nimar",2329,466,466,168,2329
"511",2329,"East Nimar",2329,466,467,168,2329
"512",2329,"East Nimar",2329,467,466,168,2329
"513",2329,"East Nimar",2329,467,467,168,2329
"514",2330,"Rajgarh",2330,442,442,468,2330
"515",2331,"Vidisha",2331,443,443,598,2331
"516",2332,"Bhopal",2332,444,444,79,2332
"517",2333,"Sehore",2333,445,445,506,2333
"518",2334,"Raisen",2334,446,446,467,2334
"519",2335,"Betul",2335,447,447,68,2335
"520",2336,"Harda",2336,448,448,216,2336
"521",2337,"Hoshangabad",2337,449,449,225,2337
"522",2338,"Katni",2338,450,450,292,2338
"523",2339,"Jabalpur",2339,451,451,233,2339
"524",2340,"Narsimhapur",2340,452,452,404,2340
"525",2341,"Dindori",2341,453,453,156,2341
"526",2342,"Mandla",2342,454,454,364,2342
"527",2343,"Chhindwara",2343,455,455,111,2343
"528",2344,"Seoni",2344,456,456,508,2344
"529",2345,"Balaghat",2345,457,457,38,2345
"530",2401,"Kachchh",NA,468,468,264,NA
"531",2402,"Banas Kantha",NA,469,469,43,NA
"532",2403,"Patan",NA,470,470,439,NA
"533",2404,"Mahesana",NA,471,471,356,NA
"534",2405,"Sabar Kantha",NA,472,849,487,NA
"535",2405,"Sabar Kantha",NA,472,862,487,NA
"536",2406,"Gandhinagar",NA,473,473,187,NA
"537",2407,"Ahmedabad",NA,474,848,4,NA
"538",2407,"Ahmedabad",NA,474,851,4,NA
"539",2408,"Surendranagar",NA,475,863,552,NA
"540",2409,"Rajkot",NA,476,859,469,NA
"541",2409,"Rajkot",NA,476,861,469,NA
"542",2410,"Jamnagar",NA,477,853,246,NA
"543",2410,"Jamnagar",NA,477,855,246,NA
"544",2411,"Porbandar",NA,478,478,448,NA
"545",2412,"Junagadh",NA,479,854,262,NA
"546",2412,"Junagadh",NA,479,856,262,NA
"547",2413,"Amreli",NA,480,480,16,NA
"548",2414,"Bhavnagar",NA,481,850,74,NA
"549",2415,"Anand",NA,482,482,18,NA
"550",2416,"Kheda",NA,483,857,299,NA
"551",2416,"Kheda",NA,483,858,299,NA
"552",2417,"Panch Mahals",NA,484,860,430,NA
"553",2418,"Dohad",NA,485,485,159,NA
"554",2419,"Vadodara",NA,486,852,593,NA
"555",2419,"Vadodara",NA,486,864,593,NA
"556",2420,"Narmada",NA,487,487,403,NA
"557",2421,"Bharuch",NA,488,488,73,NA
"558",2422,"Surat",NA,492,492,551,NA
"559",2422,"Surat",NA,492,493,551,NA
"560",2422,"Surat",NA,493,492,551,NA
"561",2422,"Surat",NA,493,493,551,NA
"562",2423,"The Dangs",NA,489,489,560,NA
"563",2424,"Navsari",NA,490,490,406,NA
"564",2425,"Valsad",NA,491,491,595,NA
"565",2501,"Diu",2501,494,494,157,2501
"566",2502,"Daman",NA,495,495,127,NA
"567",2601,"Dadra And Nagar Haveli",NA,496,496,124,NA
"568",2701,"Nandurbar",2701,497,497,402,2701
"569",2702,"Dhule",2702,498,498,151,2702
"570",2703,"Jalgaon",2703,499,499,241,2703
"571",2704,"Buldana",2704,500,500,93,2704
"572",2705,"Akola",2705,501,501,7,2705
"573",2706,"Washim",2706,502,502,605,2706
"574",2707,"Amravati",2707,503,503,15,2707
"575",2708,"Wardha",2708,504,504,604,2708
"576",2709,"Nagpur",2709,505,505,395,2709
"577",2710,"Bhandara",2710,506,506,71,2710
"578",2711,"Gondiya",2711,507,507,201,2711
"579",2712,"Gadchiroli",2712,508,508,185,2712
"580",2713,"Chandrapur",2713,509,509,106,2713
"581",2714,"Yavatmal",2714,510,510,619,2714
"582",2715,"Nanded",2715,511,511,401,2715
"583",2716,"Hingoli",2716,512,512,223,2716
"584",2717,"Parbhani",2717,513,513,435,2717
"585",2718,"Jalna",2718,514,514,242,2718
"586",2719,"Aurangabad_maharashtra",2719,515,515,30,2719
"587",2720,"Nashik",2720,516,516,405,2720
"588",2721,"Thane",2721,517,869,558,2721
"589",2721,"Thane",2721,517,870,558,2721
"590",2722,"Mumbai Suburban",2722,518,518,384,2722
"591",2723,"Mumbai",2723,519,519,383,2723
"592",2724,"Raigarh_mh",2724,520,520,465,2724
"593",2725,"Pune",2725,521,521,455,2725
"594",2726,"Ahmadnagar",2726,522,522,3,2726
"595",2727,"Bid",2727,523,523,80,2727
"596",2728,"Latur",2728,524,524,337,2728
"597",2729,"Osmanabad",2729,525,525,425,2729
"598",2730,"Solapur",2730,526,526,534,2730
"599",2731,"Satara",2731,527,527,503,2731
"600",2732,"Ratnagiri",2732,528,528,478,2732
"601",2733,"Sindhudurg",2733,529,529,525,2733
"602",2734,"Kolhapur",2734,530,530,312,2734
"603",2735,"Sangli",2735,531,531,496,2735
"604",2801,"Adilabad",3601,532,883,1,3601
"605",2801,"Adilabad",3601,532,893,1,3601
"606",2801,"Adilabad",3601,532,896,1,3601
"607",2801,"Adilabad",3601,532,901,1,3601
"608",2802,"Nizamabad",3602,533,890,415,3602
"609",2802,"Nizamabad",3602,533,902,415,3602
"610",2803,"Karimnagar",3603,534,886,286,3603
"611",2803,"Karimnagar",3603,534,891,286,3603
"612",2803,"Karimnagar",3603,534,903,286,3603
"613",2803,"Karimnagar",3603,534,904,286,3603
"614",2804,"Medak",3604,535,897,372,3604
"615",2804,"Medak",3604,535,906,372,3604
"616",2804,"Medak",3604,535,907,372,3604
"617",2805,"Hyderabad",3605,536,885,228,3605
"618",2806,"Rangareddy",3606,537,898,476,3606
"619",2806,"Rangareddy",3606,537,905,476,3606
"620",2806,"Rangareddy",3606,537,909,476,3606
"621",2807,"Mahbubnagar",3607,538,889,353,3607
"622",2807,"Mahbubnagar",3607,538,895,353,3607
"623",2807,"Mahbubnagar",3607,538,899,353,3607
"624",2807,"Mahbubnagar",3607,538,910,353,3607
"625",2808,"Nalgonda",3608,539,900,399,3608
"626",2808,"Nalgonda",3608,539,908,399,3608
"627",2808,"Nalgonda",3608,539,913,399,3608
"628",2809,"Warangal",3609,540,887,603,3609
"629",2809,"Warangal",3609,540,888,603,3609
"630",2809,"Warangal",3609,540,894,603,3609
"631",2809,"Warangal",3609,540,911,603,3609
"632",2809,"Warangal",3609,540,912,603,3609
"633",2810,"Khammam",3610,541,884,298,3610
"634",2810,"Khammam",3610,541,892,298,3610
"635",2811,"Srikakulam",2811,542,542,546,2811
"636",2812,"Vizianagaram",2812,543,543,602,2812
"637",2813,"Visakhapatnam",2813,544,544,601,2813
"638",2814,"East Godavari",2814,545,545,165,2814
"639",2815,"West Godavari",2815,546,546,609,2815
"640",2816,"Krishna",2816,547,547,322,2816
"641",2817,"Guntur",2817,548,548,207,2817
"642",2818,"Prakasam",2818,549,549,449,2818
"643",2819,"Nellore",2819,550,550,411,2819
"644",2820,"Cuddapah",2820,551,551,122,2820
"645",2821,"Kurnool",2821,552,552,326,2821
"646",2822,"Anantapur",2822,553,553,19,2822
"647",2823,"Chittoor",2823,554,554,117,2823
"648",2901,"Belgaum",2901,555,555,66,2901
"649",2902,"Bagalkot",2902,556,556,33,2902
"650",2903,"Bijapur",2903,417,417,82,2903
"651",2903,"Bijapur",2903,417,557,82,2903
"652",2903,"Bijapur",2903,557,417,82,2903
"653",2903,"Bijapur",2903,557,557,82,2903
"654",2904,"Gulbarga",2904,579,579,204,2904
"655",2905,"Bidar",2905,558,558,81,2905
"656",2906,"Raichur",2906,559,559,463,2906
"657",2907,"Koppal",2907,560,560,315,2907
"658",2908,"Gadag",2908,561,561,184,2908
"659",2909,"Dharwad",2909,562,562,146,2909
"660",2910,"Uttara Kannada",2910,563,563,591,2910
"661",2911,"Haveri",2911,564,564,221,2911
"662",2912,"Bellary",2912,565,565,67,2912
"663",2913,"Chitradurga",2913,566,566,114,2913
"664",2914,"Davanagere",2914,567,567,135,2914
"665",2915,"Shimoga",2915,568,568,517,2915
"666",2916,"Udupi",2916,569,569,582,2916
"667",2917,"Chikmagalur",2917,570,570,112,2917
"668",2918,"Tumkur",2918,571,571,577,2918
"669",2919,"Kolar",2919,581,581,310,2919
"670",2919,"Kolar",2919,581,582,310,2919
"671",2919,"Kolar",2919,582,581,310,2919
"672",2919,"Kolar",2919,582,582,310,2919
"673",2919,"Kolar",2929,581,581,310,2929
"674",2919,"Kolar",2929,581,582,310,2929
"675",2919,"Kolar",2929,582,581,310,2929
"676",2919,"Kolar",2929,582,582,310,2929
"677",2920,"Bangalore",2920,572,572,45,2920
"678",2921,"Bangalore Rural",2921,583,583,46,2921
"679",2921,"Bangalore Rural",2921,583,584,46,2921
"680",2921,"Bangalore Rural",2921,584,583,46,2921
"681",2921,"Bangalore Rural",2921,584,584,46,2921
"682",2921,"Bangalore Rural",2928,583,583,46,2928
"683",2921,"Bangalore Rural",2928,583,584,46,2928
"684",2921,"Bangalore Rural",2928,584,583,46,2928
"685",2921,"Bangalore Rural",2928,584,584,46,2928
"686",2922,"Mandya",2922,573,573,366,2922
"687",2923,"Hassan",2923,574,574,219,2923
"688",2924,"Dakshina Kannada",2924,575,575,126,2924
"689",2925,"Kodagu",2925,576,576,306,2925
"690",2926,"Mysore",2926,577,577,389,2926
"691",2927,"Chamarajanagar",2927,578,578,98,2927
"692",3001,"North Goa",3001,585,585,419,3001
"693",3002,"South Goa",3002,586,586,541,3002
"694",3101,"Lakshadweep",NA,587,587,334,NA
"695",3201,"Kasaragod",3201,588,588,289,3201
"696",3202,"Kannur",3202,589,589,277,3202
"697",3203,"Wayanad",3203,590,590,606,3203
"698",3204,"Kozhikode",3204,591,591,321,3204
"699",3205,"Malappuram",3205,592,592,359,3205
"700",3206,"Palakkad",3206,593,593,427,3206
"701",3207,"Thrissur",3207,594,594,567,3207
"702",3208,"Ernakulam",3208,595,595,171,3208
"703",3209,"Idukki",3209,596,596,229,3209
"704",3210,"Kottayam",3210,597,597,320,3210
"705",3211,"Alappuzha",3211,598,598,8,3211
"706",3212,"Pathanamthitta",3212,599,599,440,3212
"707",3213,"Kollam",3213,600,600,314,3213
"708",3214,"Thiruvananthapuram",3214,601,601,563,3214
"709",3301,"Thiruvallur",3301,602,602,562,3301
"710",3302,"Chennai",3302,603,603,109,3302
"711",3303,"Kancheepuram",3303,604,604,271,3303
"712",3304,"Vellore",3304,605,605,597,3304
"713",3305,"Dharmapuri",3305,630,630,145,3305
"714",3306,"Tiruvannamalai",3306,606,606,573,3306
"715",3307,"Viluppuram",3307,607,607,599,3307
"716",3308,"Salem",3308,608,608,493,3308
"717",3309,"Namakkal",3309,609,609,400,3309
"718",3310,"Erode",3310,610,610,172,3310
"719",3311,"Nilgiris",3311,611,611,414,3311
"720",3312,"Coimbatore",3312,632,632,120,3312
"721",3312,"Coimbatore",3312,632,633,120,3312
"722",3312,"Coimbatore",3312,633,632,120,3312
"723",3312,"Coimbatore",3312,633,633,120,3312
"724",3312,"Coimbatore",3332,632,632,120,3332
"725",3312,"Coimbatore",3332,632,633,120,3332
"726",3312,"Coimbatore",3332,633,632,120,3332
"727",3312,"Coimbatore",3332,633,633,120,3332
"728",3313,"Dindigul",3313,612,612,155,3313
"729",3314,"Karur",3314,613,613,288,3314
"730",3315,"Trichy",NA,NA,NA,575,NA
"731",3316,"Ariyalur",3317,616,616,26,3317
"732",3317,"Krishnagiri",3331,631,631,323,3331
"733",3318,"Cuddalore",3318,617,617,121,3318
"734",3319,"Nagapattinam",3319,618,618,393,3319
"735",3320,"Thiruvarur",3320,619,619,564,3320
"736",3321,"Thanjavur",3321,620,620,559,3321
"737",3322,"Pudukkottai",3322,621,621,452,3322
"738",3323,"Sivaganga",3323,622,622,531,3323
"739",3324,"Madurai",3324,623,623,350,3324
"740",3325,"Theni",3325,624,624,561,3325
"741",3326,"Virudhunagar",3326,625,625,600,3326
"742",3327,"Ramanathapuram",3327,626,626,473,3327
"743",3328,"Thoothukudi",3328,627,627,565,3328
"744",3329,"Tirunelveli",3329,628,628,572,3329
"745",3330,"Kanniyakumari",3330,629,629,276,3330
"746",3401,"Yanam",3401,634,634,618,3401
"747",3402,"Puducherry",3402,635,635,451,3402
"748",3403,"Mahe",3403,636,636,354,3403
"749",3404,"Karaikal",3404,637,637,281,3404
"750",3501,"Andamans",3501,639,639,22,3501
"751",3501,"Andamans",3501,639,640,22,3501
"752",3501,"Andamans",3501,640,639,22,3501
"753",3501,"Andamans",3501,640,640,22,3501
"754",3501,"Andamans",3502,639,639,22,3502
"755",3501,"Andamans",3502,639,640,22,3502
"756",3501,"Andamans",3502,640,639,22,3502
"757",3501,"Andamans",3502,640,640,22,3502
"758",3502,"Nicobars",3503,638,638,413,3503
"759",NA,"Lakhimpur Kheri",923,NA,NA,332,923
"760",NA,"Mon",1301,261,261,378,1301
"761",NA,"Tuensang",1302,267,267,576,1302
"762",NA,"Mokokchung",1303,262,262,377,1303
"763",NA,"Zunheboto",1304,263,263,620,1304
"764",NA,"Wokha",1305,264,264,616,1305
"765",NA,"Dimapur",1306,265,265,154,1306
"766",NA,"Kohima",1307,270,270,308,1307
"767",NA,"Phek",1308,266,266,445,1308
"768",NA,"Kiphire",1309,269,269,303,1309
"769",NA,"Longleng",1310,268,268,342,1310
"770",NA,"Peren",1311,271,271,444,1311
"771",NA,"Raipur",2211,410,823,466,2211
"772",NA,"Raipur",2211,410,830,466,2211
"773",NA,"Raipur",2211,410,833,466,2211
"774",NA,"Kalaburagi",2930,580,580,267,2930
"775",NA,"Tiruchirappalli",3315,614,614,571,3315
"776",NA,"Perambalur",3316,615,615,443,3316
"777",NA,"Morigaon",NA,304,304,381,NA
"778",NA,"Arwal",NA,240,240,27,NA
"779",NA,"Baramulla",NA,9,9,52,NA
"780",NA,"Anantnang",NA,15,15,21,NA
